{
    "H2-5-A": [
        {
            "1": {
                "Y": 27.58,
                "S": 20.19,
                "W": 15.09,
                "T": 12.03,
                "N": 5.94,
                "H": 5.24,
                "R": 3.59,
                "D": 2.53,
                "G": 2.32,
                "F": 2.08,
                "A": 0.88,
                "K": 0.84,
                "V": 0.39,
                "I": 0.35,
                "L": 0.32,
                "Q": 0.28,
                "P": 0.18,
                "E": 0.11,
                "C": 0.07
            },
            "2": {
                "S": 25.57,
                "Y": 24.69,
                "W": 8.37,
                "H": 6.37,
                "G": 5.63,
                "R": 5.17,
                "T": 4.68,
                "D": 4.57,
                "A": 4.01,
                "N": 3.24,
                "P": 3.24,
                "F": 1.69,
                "K": 1.27,
                "E": 0.42,
                "V": 0.39,
                "M": 0.28,
                "I": 0.18,
                "L": 0.18,
                "Q": 0.07
            },
            "3": {
                "G": 31.41,
                "S": 28.0,
                "D": 21.03,
                "R": 4.05,
                "N": 4.01,
                "T": 3.66,
                "A": 2.22,
                "V": 1.16,
                "E": 1.06,
                "Q": 0.91,
                "Y": 0.77,
                "L": 0.67,
                "F": 0.63,
                "P": 0.21,
                "I": 0.18,
                "H": 0.04
            },
            "4": {
                "G": 83.43,
                "D": 9.43,
                "E": 2.53,
                "S": 1.62,
                "A": 1.02,
                "V": 0.7,
                "T": 0.35,
                "N": 0.32,
                "R": 0.25,
                "H": 0.18,
                "F": 0.14,
                "Y": 0.04
            },
            "5": {
                "S": 42.46,
                "N": 12.1,
                "D": 11.96,
                "T": 11.78,
                "R": 4.96,
                "G": 4.4,
                "V": 2.78,
                "Y": 2.15,
                "I": 2.08,
                "A": 1.58,
                "K": 1.51,
                "H": 0.7,
                "E": 0.53,
                "F": 0.49,
                "L": 0.32,
                "M": 0.21
            }
        }
    ],
    "H1-7-A": [
        {
            "1": {
                "G": 97.45,
                "E": 0.95,
                "D": 0.73,
                "R": 0.52,
                "A": 0.16,
                "N": 0.09,
                "Q": 0.08,
                "S": 0.04
            },
            "2": {
                "F": 58.88,
                "Y": 22.05,
                "G": 9.02,
                "D": 2.14,
                "L": 2.09,
                "I": 1.49,
                "V": 0.87,
                "A": 0.83,
                "R": 0.83,
                "S": 0.73,
                "E": 0.32,
                "H": 0.21,
                "N": 0.19,
                "C": 0.14,
                "Q": 0.13,
                "T": 0.06,
                "M": 0.03
            },
            "3": {
                "T": 47.67,
                "S": 17.33,
                "N": 10.64,
                "A": 6.54,
                "I": 4.65,
                "D": 4.39,
                "P": 3.77,
                "R": 1.94,
                "K": 0.79,
                "E": 0.62,
                "G": 0.47,
                "Y": 0.43,
                "L": 0.36,
                "M": 0.21,
                "V": 0.1,
                "F": 0.08
            },
            "4": {
                "F": 66.51,
                "L": 12.49,
                "I": 11.26,
                "V": 6.47,
                "Y": 1.83,
                "S": 0.71,
                "M": 0.27,
                "N": 0.17,
                "T": 0.16,
                "G": 0.1,
                "D": 0.03
            },
            "5": {
                "S": 46.67,
                "T": 21.1,
                "K": 5.7,
                "D": 5.02,
                "R": 4.87,
                "N": 4.46,
                "I": 3.75,
                "G": 2.46,
                "Y": 2.09,
                "E": 1.02,
                "P": 0.7,
                "A": 0.69,
                "V": 0.38,
                "L": 0.35,
                "H": 0.34,
                "M": 0.29,
                "F": 0.09,
                "Q": 0.04
            },
            "6": {
                "S": 23.96,
                "D": 22.11,
                "N": 16.87,
                "G": 8.5,
                "R": 8.29,
                "T": 6.25,
                "E": 3.23,
                "Y": 3.23,
                "A": 1.83,
                "K": 1.48,
                "I": 0.93,
                "H": 0.89,
                "F": 0.87,
                "M": 0.44,
                "P": 0.44,
                "V": 0.25,
                "W": 0.19,
                "L": 0.13,
                "Q": 0.09,
                "C": 0.01
            },
            "7": {
                "Y": 61.5,
                "F": 9.53,
                "S": 7.44,
                "N": 5.21,
                "T": 4.06,
                "H": 3.54,
                "A": 2.88,
                "D": 1.11,
                "G": 1.0,
                "C": 0.84,
                "E": 0.6,
                "V": 0.6,
                "L": 0.53,
                "I": 0.34,
                "K": 0.34,
                "Q": 0.29,
                "R": 0.12,
                "W": 0.09,
                "M": 0.01
            }
        }
    ],
    "L1-12-A": [
        {
            "1": {
                "R": 78.5,
                "S": 10.9,
                "T": 8.2,
                "G": 1.1,
                "K": 1.1,
                "W": 0.3
            },
            "2": {
                "A": 92.4,
                "V": 5.2,
                "T": 2.2,
                "P": 0.3
            },
            "3": {
                "S": 96.2,
                "T": 2.2,
                "N": 1.1,
                "H": 0.3,
                "R": 0.3
            },
            "4": {
                "Q": 67.3,
                "S": 28.9,
                "L": 1.4,
                "E": 0.8,
                "R": 0.8,
                "Y": 0.5,
                "H": 0.3
            },
            "5": {
                "S": 86.4,
                "I": 4.1,
                "G": 3.8,
                "T": 2.2,
                "F": 1.1,
                "N": 1.1,
                "R": 0.8,
                "A": 0.5
            },
            "6": {
                "V": 51.2,
                "I": 38.7,
                "L": 7.9,
                "F": 1.9,
                "A": 0.3
            },
            "7": {
                "S": 58.6,
                "T": 15.3,
                "G": 11.4,
                "N": 3.5,
                "H": 2.7,
                "R": 2.7,
                "A": 2.5,
                "D": 1.1,
                "F": 0.8,
                "L": 0.8,
                "I": 0.3,
                "V": 0.3
            },
            "8": {
                "S": 59.4,
                "G": 21.8,
                "R": 7.4,
                "N": 4.1,
                "T": 3.0,
                "P": 2.2,
                "A": 1.1,
                "F": 0.8,
                "K": 0.3
            },
            "9": {
                "S": 39.2,
                "N": 24.3,
                "T": 12.5,
                "K": 5.2,
                "R": 4.6,
                "G": 4.4,
                "Y": 3.3,
                "D": 1.9,
                "F": 1.9,
                "V": 1.6,
                "H": 1.1
            },
            "10": {
                "Y": 66.8,
                "W": 10.9,
                "H": 6.8,
                "A": 5.7,
                "N": 4.4,
                "F": 2.5,
                "D": 0.8,
                "G": 0.8,
                "Q": 0.8,
                "S": 0.5
            },
            "11": {
                "L": 76.8,
                "V": 12.5,
                "F": 9.0,
                "M": 1.6
            },
            "12": {
                "A": 64.3,
                "H": 27.5,
                "T": 3.3,
                "F": 1.6,
                "C": 1.4,
                "Y": 1.4,
                "S": 0.3,
                "V": 0.3
            }
        }
    ],
    "H2-6-C": [
        {
            "1": {
                "S": 65.4,
                "N": 9.7,
                "W": 7.3,
                "G": 6.7,
                "D": 6.6,
                "V": 1.3,
                "K": 0.9,
                "T": 0.7,
                "C": 0.6,
                "R": 0.4,
                "F": 0.2,
                "Y": 0.2
            },
            "2": {
                "G": 38.0,
                "S": 30.3,
                "P": 15.0,
                "N": 8.4,
                "Y": 6.2,
                "V": 0.7,
                "W": 0.6,
                "E": 0.4,
                "L": 0.4
            },
            "3": {
                "S": 72.7,
                "G": 25.1,
                "R": 0.7,
                "V": 0.7,
                "F": 0.6,
                "M": 0.2
            },
            "4": {
                "G": 94.8,
                "Y": 1.7,
                "R": 1.1,
                "E": 0.7,
                "S": 0.7,
                "H": 0.6,
                "L": 0.4
            },
            "5": {
                "G": 81.8,
                "S": 14.0,
                "T": 1.9,
                "V": 0.9,
                "R": 0.7,
                "D": 0.6
            },
            "6": {
                "S": 50.9,
                "N": 20.2,
                "G": 13.9,
                "Y": 6.2,
                "Q": 3.2,
                "D": 2.4,
                "I": 1.9,
                "V": 0.7,
                "P": 0.4,
                "F": 0.2
            }
        }
    ],
    "L1-14-B": [
        {
            "1": {
                "R": 84.2,
                "G": 13.5,
                "H": 1.3,
                "A": 1.0
            },
            "2": {
                "S": 94.3,
                "L": 5.7
            },
            "3": {
                "S": 86.9,
                "N": 12.8,
                "K": 0.3
            },
            "4": {
                "T": 71.7,
                "S": 14.5,
                "I": 12.8,
                "A": 1.0
            },
            "5": {
                "G": 100.0
            },
            "6": {
                "A": 87.5,
                "T": 6.7,
                "S": 5.7
            },
            "7": {
                "V": 93.9,
                "I": 6.1
            },
            "8": {
                "T": 94.6,
                "S": 3.7,
                "I": 1.7
            },
            "9": {
                "T": 72.4,
                "S": 27.3,
                "A": 0.3
            },
            "10": {
                "S": 71.0,
                "I": 13.5,
                "G": 10.4,
                "A": 2.4,
                "D": 1.0,
                "R": 1.0,
                "H": 0.3,
                "T": 0.3
            },
            "11": {
                "N": 85.9,
                "H": 10.1,
                "Y": 3.7,
                "F": 0.3
            },
            "12": {
                "Y": 67.7,
                "F": 17.2,
                "C": 13.1,
                "H": 1.7,
                "S": 0.3
            },
            "13": {
                "A": 88.9,
                "P": 10.4,
                "V": 0.7
            },
            "14": {
                "N": 82.8,
                "T": 7.1,
                "Y": 4.0,
                "S": 3.7,
                "G": 1.7,
                "I": 0.7
            }
        }
    ],
    "L1-13-C": [
        {
            "1": {
                "Q": 89.0,
                "R": 9.0,
                "K": 1.0
            },
            "2": {
                "S": 54.0,
                "A": 46.0
            },
            "3": {
                "S": 95.0,
                "R": 5.0
            },
            "4": {
                "Q": 76.0,
                "E": 18.0,
                "K": 4.0,
                "R": 3.0
            },
            "5": {
                "S": 82.0,
                "N": 9.0,
                "R": 5.0,
                "T": 3.0
            },
            "6": {
                "V": 88.0,
                "I": 8.0,
                "L": 4.0
            },
            "7": {
                "Y": 72.0,
                "A": 15.0,
                "H": 4.0,
                "W": 4.0,
                "N": 3.0,
                "L": 1.0,
                "V": 1.0
            },
            "8": {
                "N": 54.0,
                "S": 22.0,
                "G": 5.0,
                "L": 5.0,
                "R": 4.0,
                "T": 4.0,
                "K": 3.0,
                "H": 1.0,
                "P": 1.0
            },
            "9": {
                "N": 73.0,
                "K": 11.0,
                "G": 8.0,
                "D": 4.0,
                "E": 4.0
            },
            "10": {
                "N": 80.0,
                "D": 9.0,
                "T": 4.0,
                "Y": 4.0,
                "K": 3.0
            },
            "11": {
                "Y": 38.0,
                "R": 22.0,
                "N": 12.0,
                "W": 12.0,
                "F": 9.0,
                "L": 4.0,
                "E": 3.0
            },
            "12": {
                "L": 100.0
            },
            "13": {
                "S": 45.0,
                "A": 31.0,
                "K": 15.0,
                "G": 5.0,
                "E": 4.0
            }
        }
    ],
    "H1-8-A": [
        {
            "1": {
                "G": 96.9,
                "D": 1.8,
                "S": 0.9,
                "A": 0.4
            },
            "2": {
                "Y": 84.6,
                "F": 9.2,
                "G": 2.6,
                "D": 1.8,
                "S": 1.3,
                "T": 0.4
            },
            "3": {
                "S": 95.6,
                "N": 1.8,
                "T": 1.8,
                "L": 0.9
            },
            "4": {
                "I": 97.8,
                "V": 1.8,
                "L": 0.4
            },
            "5": {
                "T": 86.8,
                "S": 12.7,
                "N": 0.4
            },
            "6": {
                "S": 85.1,
                "G": 6.1,
                "T": 5.3,
                "N": 1.8,
                "Y": 1.3,
                "R": 0.4
            },
            "7": {
                "G": 53.1,
                "D": 38.6,
                "N": 6.1,
                "A": 0.9,
                "P": 0.9,
                "L": 0.4
            },
            "8": {
                "Y": 91.7,
                "F": 7.5,
                "S": 0.9
            }
        }
    ],
    "H2-6-B": [
        {
            "1": {
                "S": 54.49,
                "N": 14.55,
                "T": 6.71,
                "W": 6.67,
                "R": 6.22,
                "G": 2.7,
                "K": 2.34,
                "Y": 1.56,
                "A": 1.37,
                "E": 0.75,
                "D": 0.55,
                "L": 0.52,
                "Q": 0.52,
                "I": 0.33,
                "V": 0.26,
                "C": 0.23,
                "H": 0.13,
                "P": 0.1
            },
            "2": {
                "W": 18.85,
                "S": 18.72,
                "Y": 17.55,
                "Q": 9.99,
                "G": 7.98,
                "R": 4.88,
                "A": 4.3,
                "N": 3.58,
                "P": 3.55,
                "D": 3.32,
                "F": 1.95,
                "T": 1.33,
                "H": 1.07,
                "K": 0.65,
                "L": 0.55,
                "M": 0.52,
                "E": 0.49,
                "I": 0.39,
                "V": 0.33
            },
            "3": {
                "D": 32.94,
                "S": 30.47,
                "G": 13.38,
                "N": 10.29,
                "T": 2.93,
                "R": 2.6,
                "E": 1.76,
                "L": 1.27,
                "V": 1.14,
                "I": 0.78,
                "A": 0.68,
                "M": 0.55,
                "H": 0.42,
                "Q": 0.39,
                "K": 0.29,
                "Y": 0.1
            },
            "4": {
                "G": 77.44,
                "S": 16.37,
                "A": 2.83,
                "E": 1.01,
                "D": 0.72,
                "R": 0.46,
                "T": 0.23,
                "I": 0.2,
                "N": 0.2,
                "W": 0.13,
                "Q": 0.1,
                "V": 0.1,
                "H": 0.07,
                "M": 0.07,
                "Y": 0.07,
                "P": 0.03
            },
            "5": {
                "S": 33.89,
                "G": 25.33,
                "A": 9.6,
                "D": 7.68,
                "R": 7.26,
                "T": 5.24,
                "N": 2.54,
                "E": 1.73,
                "Y": 1.3,
                "I": 1.11,
                "V": 1.04,
                "M": 0.81,
                "L": 0.78,
                "H": 0.68,
                "W": 0.42,
                "Q": 0.33,
                "K": 0.23,
                "F": 0.03
            },
            "6": {
                "S": 26.86,
                "N": 19.14,
                "Y": 11.46,
                "T": 10.03,
                "R": 6.9,
                "E": 3.97,
                "I": 3.81,
                "D": 3.65,
                "L": 3.52,
                "K": 3.42,
                "G": 1.73,
                "H": 1.46,
                "V": 1.17,
                "A": 1.14,
                "F": 0.62,
                "P": 0.46,
                "W": 0.33,
                "M": 0.29,
                "Q": 0.07
            }
        }
    ],
    "L1-11-A": [
        {
            "1": {
                "R": 72.09,
                "K": 11.84,
                "Q": 11.36,
                "H": 2.42,
                "S": 1.02,
                "I": 0.45,
                "G": 0.23,
                "L": 0.21,
                "M": 0.19,
                "W": 0.13,
                "A": 0.06
            },
            "2": {
                "A": 94.84,
                "T": 4.05,
                "S": 0.59,
                "P": 0.32,
                "G": 0.11,
                "L": 0.04,
                "E": 0.02,
                "M": 0.02
            },
            "3": {
                "S": 98.68,
                "T": 0.68,
                "G": 0.57,
                "R": 0.04,
                "N": 0.02
            },
            "4": {
                "Q": 86.46,
                "E": 6.69,
                "G": 3.97,
                "K": 1.0,
                "T": 0.64,
                "R": 0.49,
                "D": 0.42,
                "H": 0.28,
                "L": 0.06
            },
            "5": {
                "S": 40.8,
                "D": 24.54,
                "G": 14.92,
                "N": 12.93,
                "T": 1.68,
                "Y": 1.27,
                "E": 0.76,
                "R": 0.62,
                "I": 0.59,
                "A": 0.55,
                "H": 0.49,
                "F": 0.42,
                "V": 0.3,
                "K": 0.06,
                "W": 0.04,
                "P": 0.02
            },
            "6": {
                "I": 68.01,
                "V": 30.93,
                "L": 0.49,
                "F": 0.3,
                "T": 0.13,
                "M": 0.04,
                "N": 0.04,
                "S": 0.04,
                "Y": 0.02
            },
            "7": {
                "S": 50.14,
                "G": 14.05,
                "N": 8.89,
                "R": 6.39,
                "H": 3.93,
                "D": 3.84,
                "Y": 3.76,
                "T": 2.46,
                "E": 1.83,
                "K": 1.15,
                "A": 1.06,
                "I": 1.02,
                "V": 0.55,
                "L": 0.4,
                "F": 0.3,
                "Q": 0.11,
                "W": 0.08,
                "M": 0.04
            },
            "8": {
                "S": 40.52,
                "N": 25.11,
                "T": 18.7,
                "K": 5.16,
                "D": 2.59,
                "G": 1.93,
                "R": 1.68,
                "I": 1.32,
                "Y": 0.68,
                "F": 0.4,
                "V": 0.4,
                "A": 0.36,
                "H": 0.32,
                "Q": 0.3,
                "L": 0.23,
                "E": 0.11,
                "P": 0.08,
                "W": 0.08,
                "M": 0.02
            },
            "9": {
                "Y": 39.89,
                "A": 17.43,
                "N": 12.29,
                "W": 10.08,
                "D": 7.47,
                "S": 3.86,
                "F": 3.84,
                "R": 1.63,
                "H": 1.19,
                "G": 0.66,
                "E": 0.49,
                "T": 0.4,
                "K": 0.19,
                "P": 0.15,
                "V": 0.15,
                "I": 0.13,
                "L": 0.11,
                "C": 0.02,
                "Q": 0.02
            },
            "10": {
                "L": 70.86,
                "V": 19.32,
                "I": 8.45,
                "M": 0.81,
                "T": 0.23,
                "F": 0.19,
                "A": 0.11,
                "S": 0.04
            },
            "11": {
                "A": 53.26,
                "N": 21.63,
                "H": 9.45,
                "S": 5.43,
                "G": 3.63,
                "T": 2.93,
                "I": 1.93,
                "V": 0.74,
                "Y": 0.47,
                "D": 0.25,
                "F": 0.15,
                "E": 0.04,
                "K": 0.04,
                "C": 0.02,
                "Q": 0.02
            }
        }
    ],
    "L3-9,10-A": [
        {
            "1": {
                "Q": 75.81,
                "L": 5.6,
                "F": 4.43,
                "M": 3.23,
                "H": 2.84,
                "S": 2.7,
                "V": 2.05,
                "W": 1.05,
                "G": 0.82,
                "A": 0.77,
                "K": 0.31,
                "E": 0.13,
                "T": 0.13,
                "Y": 0.06,
                "D": 0.03,
                "I": 0.03
            },
            "2": {
                "Q": 88.55,
                "H": 8.38,
                "N": 1.48,
                "K": 0.51,
                "E": 0.38,
                "R": 0.27,
                "Y": 0.26,
                "L": 0.07,
                "S": 0.04,
                "A": 0.03,
                "D": 0.03
            },
            "3": {
                "Y": 31.92,
                "S": 20.51,
                "G": 10.93,
                "H": 7.42,
                "F": 7.16,
                "W": 4.19,
                "A": 3.68,
                "N": 3.38,
                "T": 2.54,
                "L": 2.25,
                "R": 2.23,
                "D": 2.2,
                "I": 0.67,
                "V": 0.36,
                "M": 0.2,
                "E": 0.16,
                "C": 0.09,
                "Q": 0.09,
                "K": 0.04
            },
            "4": {
                "N": 19.11,
                "Y": 17.82,
                "S": 15.6,
                "G": 7.5,
                "D": 6.88,
                "T": 5.97,
                "W": 4.99,
                "A": 4.33,
                "H": 4.06,
                "L": 3.52,
                "K": 3.14,
                "R": 1.79,
                "F": 1.25,
                "I": 1.08,
                "Q": 1.07,
                "E": 0.9,
                "V": 0.87,
                "M": 0.09,
                "P": 0.01
            },
            "5": {
                "S": 34.86,
                "N": 12.31,
                "E": 9.65,
                "H": 8.92,
                "T": 8.47,
                "G": 5.67,
                "Q": 4.59,
                "R": 3.34,
                "D": 3.08,
                "Y": 1.95,
                "F": 1.26,
                "I": 1.25,
                "K": 1.22,
                "L": 0.98,
                "V": 0.71,
                "A": 0.68,
                "P": 0.41,
                "W": 0.38,
                "M": 0.24
            },
            "6": {
                "Y": 19.24,
                "L": 13.29,
                "T": 13.26,
                "S": 12.69,
                "W": 9.85,
                "V": 8.94,
                "F": 7.43,
                "D": 3.68,
                "H": 2.47,
                "N": 2.42,
                "I": 2.3,
                "A": 1.99,
                "P": 1.12,
                "R": 0.57,
                "E": 0.24,
                "G": 0.23,
                "M": 0.11,
                "K": 0.1,
                "Q": 0.06
            },
            "7": {
                "P": 90.41,
                "L": 3.6,
                "S": 2.76,
                "F": 0.58,
                "Q": 0.55,
                "R": 0.41,
                "V": 0.36,
                "G": 0.34,
                "T": 0.23,
                "A": 0.18,
                "M": 0.17,
                "Y": 0.14,
                "H": 0.11,
                "I": 0.07,
                "W": 0.06,
                "D": 0.01
            },
            "8": {
                "L": 20.19,
                "Y": 19.94,
                "P": 11.82,
                "W": 10.94,
                "F": 10.36,
                "R": 9.34,
                "I": 3.41,
                "S": 2.2,
                "A": 2.15,
                "Q": 1.99,
                "T": 1.68,
                "H": 1.48,
                "G": 1.44,
                "V": 1.25,
                "N": 0.47,
                "M": 0.38,
                "K": 0.37,
                "E": 0.27,
                "C": 0.26,
                "D": 0.03
            },
            "9": {
                "T": 89.47,
                "I": 1.98,
                "Y": 1.63,
                "L": 1.56,
                "W": 1.39,
                "S": 1.09,
                "F": 0.82,
                "A": 0.77,
                "V": 0.61,
                "G": 0.23,
                "N": 0.14,
                "P": 0.09,
                "R": 0.07,
                "K": 0.06,
                "M": 0.03,
                "H": 0.01
            },
            "10": {
                "T": 7.53,
                "A": 0.11,
                "S": 0.1,
                "V": 0.04,
                "N": 0.03,
                "R": 0.03,
                "F": 0.01
            },
            "11": {
                "S": 0.01
            },
            "12": {
                "P": 0.01
            },
            "13": {
                "F": 0.01
            }
        }
    ],
    "L3-10,11-A": [
        {
            "1": {
                "Q": 39.0,
                "A": 33.8,
                "G": 13.7,
                "S": 7.7,
                "L": 2.0,
                "N": 1.8,
                "T": 0.6,
                "E": 0.5,
                "R": 0.4,
                "V": 0.2,
                "Y": 0.2
            },
            "2": {
                "S": 30.2,
                "A": 23.3,
                "T": 19.8,
                "V": 18.6,
                "Q": 5.5,
                "G": 1.4,
                "C": 0.5,
                "H": 0.4,
                "E": 0.2,
                "W": 0.1
            },
            "3": {
                "W": 63.2,
                "Y": 23.2,
                "A": 4.0,
                "R": 4.0,
                "F": 1.7,
                "L": 1.2,
                "S": 1.0,
                "G": 0.7,
                "P": 0.5,
                "C": 0.1,
                "H": 0.1
            },
            "4": {
                "D": 85.1,
                "E": 4.2,
                "T": 2.7,
                "A": 2.6,
                "N": 2.1,
                "S": 1.0,
                "Y": 1.0,
                "G": 0.7,
                "H": 0.6
            },
            "5": {
                "S": 43.6,
                "D": 30.0,
                "G": 7.1,
                "N": 4.4,
                "T": 4.4,
                "R": 2.9,
                "I": 2.0,
                "A": 1.7,
                "E": 1.5,
                "K": 0.5,
                "M": 0.5,
                "Y": 0.4,
                "F": 0.2,
                "Q": 0.2,
                "V": 0.2
            },
            "6": {
                "S": 72.0,
                "N": 5.6,
                "R": 5.0,
                "G": 3.8,
                "T": 3.6,
                "W": 2.5,
                "Y": 1.9,
                "D": 1.4,
                "F": 1.0,
                "I": 1.0,
                "A": 0.6,
                "M": 0.5,
                "P": 0.5,
                "Q": 0.4,
                "E": 0.1,
                "K": 0.1,
                "V": 0.1
            },
            "7": {
                "L": 53.9,
                "S": 21.8,
                "P": 5.6,
                "T": 4.4,
                "N": 3.9,
                "G": 2.4,
                "A": 1.9,
                "D": 1.2,
                "F": 1.2,
                "I": 1.0,
                "R": 0.5,
                "Y": 0.4,
                "E": 0.2,
                "Q": 0.2,
                "K": 0.1,
                "M": 0.1
            },
            "8": {
                "S": 33.1,
                "N": 25.0,
                "D": 16.9,
                "P": 5.0,
                "T": 3.9,
                "R": 3.5,
                "G": 3.1,
                "K": 2.4,
                "H": 1.7,
                "L": 1.3,
                "Y": 1.1,
                "A": 0.7,
                "I": 0.7,
                "V": 0.7,
                "F": 0.4,
                "E": 0.2,
                "Q": 0.2
            },
            "9": {
                "G": 30.7,
                "A": 13.5,
                "H": 12.5,
                "N": 6.1,
                "V": 4.6,
                "S": 4.4,
                "D": 4.3,
                "W": 3.9,
                "L": 2.9,
                "T": 2.3,
                "P": 2.0,
                "E": 1.9,
                "Y": 1.9,
                "R": 1.8,
                "M": 1.4,
                "Q": 1.3,
                "I": 0.8,
                "F": 0.4
            },
            "10": {
                "V": 22.7,
                "W": 15.1,
                "A": 12.6,
                "Y": 10.2,
                "P": 6.0,
                "S": 4.2,
                "Q": 4.0,
                "G": 3.6,
                "R": 3.3,
                "F": 3.1,
                "L": 3.1,
                "H": 2.5,
                "T": 1.3,
                "I": 0.6,
                "C": 0.5,
                "E": 0.5,
                "D": 0.4,
                "M": 0.2
            },
            "11": {
                "V": 77.1,
                "I": 7.0,
                "L": 6.4,
                "T": 5.8,
                "R": 0.8,
                "A": 0.7,
                "P": 0.5,
                "N": 0.2,
                "S": 0.2,
                "G": 0.1,
                "M": 0.1,
                "Y": 0.1
            }
        }
    ],
    "L1-10-A": [
        {
            "1": {
                "S": 84.9,
                "R": 14.1,
                "N": 0.5,
                "K": 0.2,
                "W": 0.2
            },
            "2": {
                "A": 98.1,
                "P": 0.5,
                "S": 0.5,
                "T": 0.5,
                "C": 0.2,
                "V": 0.2
            },
            "3": {
                "S": 93.0,
                "T": 4.3,
                "H": 1.0,
                "R": 1.0,
                "A": 0.2,
                "N": 0.2,
                "Q": 0.2
            },
            "4": {
                "S": 96.9,
                "Q": 1.9,
                "K": 0.5,
                "V": 0.5,
                "L": 0.2
            },
            "5": {
                "S": 89.9,
                "G": 3.8,
                "R": 3.8,
                "T": 1.2,
                "Q": 0.5,
                "Y": 0.5,
                "D": 0.2
            },
            "6": {
                "V": 93.5,
                "I": 2.4,
                "L": 1.4,
                "M": 1.0,
                "R": 1.0,
                "T": 0.5,
                "G": 0.2
            },
            "7": {
                "S": 69.5,
                "N": 10.3,
                "T": 8.2,
                "G": 4.6,
                "E": 1.9,
                "D": 1.7,
                "R": 1.4,
                "Y": 1.2,
                "C": 1.0,
                "I": 0.2
            },
            "8": {
                "Y": 89.2,
                "F": 3.8,
                "N": 2.9,
                "H": 1.7,
                "S": 1.4,
                "L": 0.5,
                "A": 0.2,
                "E": 0.2
            },
            "9": {
                "M": 60.2,
                "I": 35.0,
                "V": 3.1,
                "L": 1.7
            },
            "10": {
                "H": 77.2,
                "Y": 17.3,
                "N": 1.7,
                "Q": 1.4,
                "F": 1.0,
                "V": 0.7,
                "A": 0.5,
                "C": 0.2
            }
        }
    ],
    "L1-14-C": [
        {
            "1": {
                "T": 98.6,
                "A": 0.7,
                "V": 0.7
            },
            "2": {
                "G": 100.0
            },
            "3": {
                "S": 73.1,
                "G": 17.2,
                "T": 4.8,
                "R": 4.1,
                "M": 0.7
            },
            "4": {
                "S": 86.9,
                "N": 8.3,
                "Y": 2.1,
                "R": 1.4,
                "A": 0.7,
                "H": 0.7
            },
            "5": {
                "S": 100.0
            },
            "6": {
                "N": 100.0
            },
            "7": {
                "I": 98.6,
                "F": 1.4
            },
            "8": {
                "G": 100.0
            },
            "9": {
                "A": 93.8,
                "S": 2.8,
                "T": 2.8,
                "V": 0.7
            },
            "10": {
                "G": 96.6,
                "H": 2.8,
                "A": 0.7
            },
            "11": {
                "Y": 92.4,
                "F": 5.5,
                "H": 2.1
            },
            "12": {
                "D": 95.2,
                "S": 1.4,
                "Y": 1.4,
                "E": 0.7,
                "N": 0.7,
                "T": 0.7
            },
            "13": {
                "V": 100.0
            },
            "14": {
                "H": 92.4,
                "Y": 4.1,
                "Q": 2.8,
                "K": 0.7
            }
        }
    ],
    "L1-15-A": [
        {
            "1": {
                "R": 86.5,
                "K": 12.7,
                "G": 0.9
            },
            "2": {
                "A": 95.2,
                "S": 3.4,
                "T": 0.9,
                "P": 0.5
            },
            "3": {
                "S": 98.0,
                "G": 0.7,
                "T": 0.7,
                "N": 0.5
            },
            "4": {
                "E": 51.7,
                "Q": 30.8,
                "K": 17.3,
                "M": 0.2
            },
            "5": {
                "S": 92.3,
                "G": 3.2,
                "T": 2.3,
                "R": 0.9,
                "P": 0.7,
                "N": 0.5
            },
            "6": {
                "V": 96.6,
                "L": 1.8,
                "I": 1.4,
                "F": 0.2
            },
            "7": {
                "D": 69.5,
                "S": 22.8,
                "E": 2.5,
                "L": 0.9,
                "T": 0.9,
                "V": 0.9,
                "H": 0.7,
                "I": 0.7,
                "R": 0.7,
                "N": 0.2,
                "Y": 0.2
            },
            "8": {
                "N": 25.0,
                "S": 19.8,
                "Y": 18.7,
                "T": 18.2,
                "F": 4.3,
                "A": 4.1,
                "G": 2.3,
                "H": 2.3,
                "D": 2.0,
                "I": 2.0,
                "R": 0.7,
                "E": 0.4,
                "L": 0.4
            },
            "9": {
                "Y": 47.4,
                "S": 24.4,
                "D": 15.0,
                "F": 4.6,
                "N": 3.7,
                "E": 1.2,
                "G": 1.2,
                "A": 1.1,
                "H": 0.9,
                "R": 0.4
            },
            "10": {
                "G": 83.1,
                "S": 5.5,
                "R": 3.0,
                "V": 2.7,
                "A": 1.4,
                "D": 0.9,
                "T": 0.9,
                "Y": 0.9,
                "E": 0.7,
                "I": 0.7,
                "N": 0.2
            },
            "11": {
                "I": 26.0,
                "Y": 25.3,
                "N": 17.8,
                "D": 16.8,
                "K": 4.3,
                "H": 3.4,
                "T": 2.3,
                "A": 1.1,
                "F": 1.1,
                "V": 0.9,
                "Q": 0.4,
                "S": 0.4,
                "W": 0.4
            },
            "12": {
                "S": 90.2,
                "N": 6.1,
                "T": 2.5,
                "G": 0.9,
                "I": 0.2,
                "R": 0.2
            },
            "13": {
                "F": 46.9,
                "Y": 42.2,
                "S": 7.7,
                "L": 2.7,
                "H": 0.4,
                "D": 0.2
            },
            "14": {
                "M": 78.1,
                "L": 15.0,
                "I": 4.6,
                "V": 1.8,
                "F": 0.5
            },
            "15": {
                "H": 44.6,
                "N": 44.4,
                "Q": 3.7,
                "D": 2.5,
                "Y": 1.8,
                "A": 0.9,
                "E": 0.7,
                "F": 0.5,
                "S": 0.5,
                "T": 0.4
            }
        }
    ],
    "L3-9-A": [
        {
            "1": {
                "Q": 43.3,
                "A": 39.7,
                "S": 7.0,
                "G": 3.0,
                "L": 1.9,
                "H": 1.6,
                "W": 1.2,
                "M": 0.9,
                "T": 0.3,
                "E": 0.1
            },
            "2": {
                "L": 40.6,
                "S": 20.2,
                "Q": 12.7,
                "A": 10.9,
                "T": 7.9,
                "V": 3.4,
                "I": 1.9,
                "R": 0.6,
                "G": 0.3,
                "K": 0.1
            },
            "3": {
                "W": 60.9,
                "Y": 26.7,
                "S": 2.8,
                "R": 2.4,
                "G": 2.2,
                "F": 1.9,
                "H": 1.5,
                "D": 0.1,
                "Q": 0.1,
                "T": 0.1
            },
            "4": {
                "D": 35.2,
                "Y": 32.8,
                "G": 11.2,
                "S": 3.6,
                "T": 3.4,
                "N": 3.3,
                "A": 2.5,
                "F": 2.2,
                "H": 1.6,
                "Q": 1.6,
                "C": 0.6,
                "K": 0.6,
                "P": 0.4,
                "L": 0.3,
                "E": 0.1,
                "I": 0.1
            },
            "5": {
                "S": 55.5,
                "N": 12.9,
                "A": 9.0,
                "T": 6.4,
                "G": 4.0,
                "P": 3.4,
                "Y": 3.3,
                "V": 1.6,
                "D": 1.3,
                "Q": 0.7,
                "H": 0.6,
                "R": 0.6,
                "I": 0.3,
                "K": 0.1
            },
            "6": {
                "N": 43.6,
                "S": 28.9,
                "G": 7.9,
                "R": 5.4,
                "D": 4.2,
                "T": 2.8,
                "Y": 2.4,
                "H": 1.8,
                "W": 0.9,
                "K": 0.6,
                "L": 0.6,
                "A": 0.3,
                "P": 0.3,
                "F": 0.1
            },
            "7": {
                "H": 30.9,
                "S": 11.2,
                "L": 10.5,
                "I": 9.6,
                "T": 9.3,
                "N": 8.7,
                "A": 7.6,
                "G": 6.6,
                "Q": 1.5,
                "Y": 1.2,
                "V": 1.0,
                "K": 0.9,
                "M": 0.6,
                "R": 0.3
            },
            "8": {
                "W": 35.4,
                "V": 15.3,
                "L": 14.5,
                "Y": 10.0,
                "F": 8.2,
                "G": 7.3,
                "A": 2.2,
                "R": 1.8,
                "Q": 1.3,
                "M": 0.9,
                "C": 0.6,
                "I": 0.6,
                "D": 0.4,
                "S": 0.4,
                "P": 0.3,
                "T": 0.3,
                "H": 0.1
            },
            "9": {
                "V": 70.5,
                "T": 14.8,
                "I": 7.6,
                "L": 3.1,
                "A": 1.0,
                "P": 0.9,
                "S": 0.7,
                "M": 0.6,
                "G": 0.3,
                "E": 0.1,
                "F": 0.1
            },
            "10": {
                "L": 0.7,
                "F": 0.3
            },
            "11": {
                "I": 0.7,
                "P": 0.3
            },
            "12": {
                "T": 0.7
            }
        }
    ],
    "H2-8-A": [
        {
            "1": {
                "R": 72.2,
                "K": 14.8,
                "T": 8.8,
                "G": 2.2,
                "E": 0.9,
                "M": 0.5,
                "S": 0.5
            },
            "2": {
                "N": 37.5,
                "S": 28.5,
                "L": 13.4,
                "G": 8.8,
                "R": 4.0,
                "T": 3.1,
                "D": 2.3,
                "C": 0.5,
                "P": 0.5,
                "V": 0.5,
                "W": 0.4,
                "A": 0.2,
                "K": 0.2
            },
            "3": {
                "K": 76.4,
                "P": 8.3,
                "R": 5.8,
                "N": 3.8,
                "E": 1.1,
                "L": 1.1,
                "T": 1.1,
                "S": 0.9,
                "Q": 0.7,
                "W": 0.5,
                "I": 0.4
            },
            "4": {
                "A": 35.6,
                "S": 22.2,
                "G": 12.1,
                "V": 11.6,
                "T": 7.9,
                "P": 3.4,
                "I": 3.1,
                "K": 1.3,
                "Y": 0.9,
                "D": 0.7,
                "R": 0.5,
                "E": 0.4,
                "N": 0.4
            },
            "5": {
                "N": 44.8,
                "D": 19.5,
                "E": 11.2,
                "K": 9.2,
                "Y": 7.9,
                "I": 2.7,
                "F": 1.6,
                "Q": 1.1,
                "A": 0.9,
                "G": 0.5,
                "S": 0.4,
                "H": 0.2
            },
            "6": {
                "G": 55.8,
                "N": 36.5,
                "S": 4.0,
                "D": 2.3,
                "K": 0.9,
                "Q": 0.4,
                "I": 0.2
            },
            "7": {
                "Y": 47.1,
                "G": 21.3,
                "H": 12.3,
                "W": 8.3,
                "S": 3.1,
                "A": 2.5,
                "D": 2.2,
                "F": 1.8,
                "L": 0.9,
                "P": 0.4,
                "Q": 0.2
            },
            "8": {
                "T": 44.6,
                "A": 36.8,
                "S": 9.7,
                "E": 2.3,
                "R": 2.3,
                "G": 2.0,
                "V": 1.1,
                "P": 0.7,
                "K": 0.4
            }
        }
    ],
    "L1-12-C": [
        {
            "1": {
                "T": 100.0
            },
            "2": {
                "L": 100.0
            },
            "3": {
                "S": 94.0,
                "N": 6.0
            },
            "4": {
                "S": 92.0,
                "R": 8.0
            },
            "5": {
                "G": 60.0,
                "Q": 40.0
            },
            "6": {
                "H": 83.0,
                "Y": 10.0,
                "L": 6.0,
                "N": 1.0
            },
            "7": {
                "S": 88.0,
                "N": 6.0,
                "R": 6.0,
                "T": 1.0
            },
            "8": {
                "T": 47.0,
                "S": 36.0,
                "N": 17.0
            },
            "9": {
                "Y": 97.0,
                "F": 1.0,
                "S": 1.0
            },
            "10": {
                "T": 46.0,
                "A": 28.0,
                "V": 18.0,
                "K": 8.0
            },
            "11": {
                "I": 89.0,
                "V": 11.0
            },
            "12": {
                "A": 50.0,
                "E": 39.0,
                "D": 11.0
            }
        }
    ],
    "L1-16,17-A": [
        {
            "1": {
                "R": 49.61,
                "K": 47.76,
                "T": 1.56,
                "E": 0.48,
                "S": 0.24,
                "G": 0.18,
                "Q": 0.18
            },
            "2": {
                "S": 98.38,
                "C": 0.78,
                "A": 0.42,
                "P": 0.24,
                "F": 0.12,
                "V": 0.06
            },
            "3": {
                "S": 97.07,
                "T": 1.74,
                "G": 0.54,
                "N": 0.48,
                "R": 0.12,
                "A": 0.06
            },
            "4": {
                "Q": 91.14,
                "K": 5.8,
                "E": 1.02,
                "H": 0.9,
                "R": 0.9,
                "A": 0.24
            },
            "5": {
                "S": 89.53,
                "T": 3.83,
                "N": 2.93,
                "R": 1.8,
                "Y": 0.48,
                "G": 0.36,
                "A": 0.24,
                "F": 0.18,
                "I": 0.18,
                "P": 0.18,
                "D": 0.12,
                "V": 0.12,
                "H": 0.06
            },
            "6": {
                "L": 69.96,
                "I": 17.35,
                "V": 12.69
            },
            "7": {
                "L": 60.68,
                "V": 30.04,
                "F": 5.86,
                "I": 1.32,
                "R": 0.84,
                "A": 0.24,
                "Q": 0.24,
                "G": 0.18,
                "Y": 0.18,
                "E": 0.12,
                "M": 0.12,
                "S": 0.06,
                "T": 0.06,
                "W": 0.06
            },
            "8": {
                "H": 43.51,
                "Y": 26.81,
                "N": 16.46,
                "D": 4.31,
                "R": 1.5,
                "S": 1.26,
                "K": 1.2,
                "F": 1.14,
                "E": 1.08,
                "L": 1.08,
                "Q": 0.72,
                "T": 0.66,
                "A": 0.24,
                "G": 0.06
            },
            "9": {
                "S": 85.88,
                "R": 4.07,
                "T": 2.99,
                "N": 2.33,
                "I": 1.26,
                "K": 0.96,
                "G": 0.84,
                "L": 0.54,
                "D": 0.42,
                "A": 0.18,
                "E": 0.12,
                "M": 0.12,
                "Q": 0.12,
                "W": 0.12,
                "Y": 0.06
            },
            "10": {
                "N": 41.95,
                "S": 19.39,
                "D": 16.16,
                "R": 11.07,
                "G": 5.75,
                "T": 1.62,
                "I": 1.14,
                "Y": 1.08,
                "A": 0.72,
                "P": 0.48,
                "K": 0.24,
                "L": 0.24,
                "E": 0.06,
                "Q": 0.06,
                "V": 0.06
            },
            "11": {
                "G": 58.59,
                "N": 24.9,
                "T": 10.23,
                "I": 1.68,
                "R": 1.2,
                "K": 1.08,
                "D": 0.9,
                "A": 0.54,
                "W": 0.3,
                "Y": 0.18,
                "E": 0.12,
                "F": 0.12,
                "S": 0.12,
                "H": 0.06
            },
            "12": {
                "N": 43.27,
                "Q": 16.04,
                "R": 10.65,
                "K": 10.41,
                "Y": 7.36,
                "I": 3.23,
                "H": 2.99,
                "D": 2.69,
                "S": 1.14,
                "E": 1.02,
                "A": 0.48,
                "F": 0.36,
                "G": 0.24,
                "T": 0.12
            },
            "13": {
                "T": 49.19,
                "K": 37.04,
                "N": 8.02,
                "R": 1.44,
                "I": 1.2,
                "M": 0.9,
                "S": 0.6,
                "E": 0.48,
                "P": 0.36,
                "L": 0.24,
                "Q": 0.24,
                "A": 0.18,
                "H": 0.06,
                "W": 0.06
            },
            "14": {
                "Y": 56.85,
                "N": 37.88,
                "F": 1.62,
                "S": 1.62,
                "D": 0.78,
                "T": 0.66,
                "H": 0.3,
                "C": 0.18,
                "P": 0.12
            },
            "15": {
                "L": 59.96,
                "Y": 36.68,
                "F": 2.03,
                "I": 0.3,
                "Q": 0.3,
                "V": 0.24,
                "M": 0.18,
                "H": 0.12,
                "T": 0.12,
                "A": 0.06
            },
            "16": {
                "L": 39.26,
                "E": 15.98,
                "N": 14.12,
                "H": 10.89,
                "D": 7.78,
                "Y": 6.52,
                "S": 2.15,
                "A": 1.44,
                "F": 0.84,
                "Q": 0.3,
                "T": 0.24,
                "R": 0.18,
                "V": 0.18,
                "I": 0.12
            },
            "17": {
                "A": 34.05,
                "T": 4.13,
                "G": 0.9,
                "N": 0.48,
                "D": 0.12,
                "E": 0.06,
                "S": 0.06,
                "V": 0.06
            }
        }
    ],
    "L1-13-A": [
        {
            "1": {
                "S": 95.3,
                "T": 3.5,
                "A": 0.8,
                "F": 0.3
            },
            "2": {
                "G": 99.5,
                "A": 0.5
            },
            "3": {
                "S": 88.7,
                "T": 3.4,
                "N": 3.0,
                "G": 2.7,
                "R": 1.5,
                "D": 0.7
            },
            "4": {
                "S": 75.3,
                "R": 6.4,
                "N": 6.2,
                "T": 4.4,
                "D": 2.2,
                "G": 2.2,
                "Y": 1.2,
                "K": 1.0,
                "L": 0.7,
                "P": 0.3,
                "A": 0.2
            },
            "5": {
                "S": 95.8,
                "D": 2.0,
                "A": 0.8,
                "N": 0.7,
                "F": 0.3,
                "T": 0.3
            },
            "6": {
                "N": 96.5,
                "D": 2.0,
                "Y": 0.7,
                "F": 0.5,
                "K": 0.2,
                "T": 0.2
            },
            "7": {
                "I": 85.5,
                "V": 9.9,
                "L": 1.9,
                "F": 1.3,
                "A": 0.8,
                "R": 0.5
            },
            "8": {
                "G": 96.5,
                "E": 3.4,
                "A": 0.2
            },
            "9": {
                "N": 36.7,
                "S": 33.0,
                "R": 7.7,
                "G": 4.9,
                "K": 4.0,
                "D": 3.5,
                "T": 2.7,
                "I": 2.5,
                "E": 1.2,
                "V": 1.0,
                "Y": 0.8,
                "L": 0.7,
                "F": 0.5,
                "H": 0.5,
                "Q": 0.2
            },
            "10": {
                "N": 74.7,
                "G": 5.9,
                "S": 4.9,
                "Y": 4.5,
                "D": 3.5,
                "F": 2.2,
                "R": 2.2,
                "C": 0.8,
                "W": 0.8,
                "H": 0.2,
                "T": 0.2
            },
            "11": {
                "Y": 46.5,
                "T": 22.7,
                "S": 6.9,
                "F": 6.7,
                "A": 5.7,
                "P": 3.5,
                "D": 2.5,
                "G": 1.5,
                "L": 1.5,
                "H": 1.2,
                "M": 0.8,
                "N": 0.3
            },
            "12": {
                "V": 98.5,
                "I": 0.7,
                "Y": 0.7,
                "A": 0.2
            },
            "13": {
                "S": 39.9,
                "N": 26.8,
                "Y": 16.2,
                "H": 3.9,
                "K": 3.9,
                "G": 2.9,
                "Q": 1.9,
                "L": 1.3,
                "T": 1.3,
                "D": 0.8,
                "R": 0.5,
                "A": 0.3,
                "C": 0.2,
                "I": 0.2
            }
        }
    ],
    "L3-11-A": [
        {
            "1": {
                "Q": 51.4,
                "S": 34.1,
                "N": 8.0,
                "Y": 4.3,
                "F": 2.2
            },
            "2": {
                "S": 93.5,
                "A": 6.5
            },
            "3": {
                "Y": 29.7,
                "A": 26.8,
                "R": 13.8,
                "T": 10.9,
                "S": 8.7,
                "V": 4.3,
                "G": 2.2,
                "P": 2.2,
                "F": 1.4
            },
            "4": {
                "D": 71.7,
                "A": 18.8,
                "E": 4.3,
                "T": 3.6,
                "N": 0.7,
                "Y": 0.7
            },
            "5": {
                "S": 52.2,
                "G": 23.2,
                "T": 8.7,
                "N": 7.2,
                "D": 3.6,
                "A": 2.9,
                "M": 1.4,
                "E": 0.7
            },
            "6": {
                "S": 82.6,
                "T": 9.4,
                "I": 6.5,
                "G": 0.7,
                "N": 0.7
            },
            "7": {
                "G": 40.6,
                "N": 29.0,
                "D": 13.0,
                "T": 8.0,
                "A": 2.9,
                "L": 2.9,
                "R": 1.4,
                "S": 1.4,
                "P": 0.7
            },
            "8": {
                "T": 37.7,
                "N": 36.2,
                "S": 15.9,
                "D": 2.9,
                "I": 2.9,
                "F": 2.2,
                "H": 1.4,
                "Q": 0.7
            },
            "9": {
                "Y": 36.2,
                "F": 24.6,
                "H": 18.1,
                "S": 9.4,
                "E": 6.5,
                "L": 1.4,
                "N": 1.4,
                "P": 1.4,
                "T": 0.7
            },
            "10": {
                "W": 32.6,
                "V": 13.0,
                "D": 12.3,
                "Y": 10.9,
                "K": 8.0,
                "R": 7.2,
                "E": 4.3,
                "L": 3.6,
                "H": 2.9,
                "Q": 2.2,
                "S": 1.4,
                "A": 0.7,
                "F": 0.7
            },
            "11": {
                "V": 87.7,
                "M": 8.0,
                "I": 2.2,
                "L": 1.4,
                "S": 0.7
            }
        }
    ],
    "L1-12-B": [
        {
            "1": {
                "R": 95.1,
                "Q": 3.5,
                "G": 1.2,
                "K": 0.2
            },
            "2": {
                "A": 93.8,
                "S": 4.2,
                "G": 1.9,
                "T": 0.2
            },
            "3": {
                "S": 99.2,
                "I": 0.7,
                "G": 0.2
            },
            "4": {
                "Q": 92.4,
                "H": 3.2,
                "E": 3.0,
                "K": 0.7,
                "P": 0.3,
                "R": 0.3
            },
            "5": {
                "S": 84.2,
                "T": 11.4,
                "N": 1.7,
                "R": 1.7,
                "E": 0.5,
                "D": 0.3,
                "M": 0.2
            },
            "6": {
                "V": 92.4,
                "I": 6.2,
                "A": 0.7,
                "R": 0.5,
                "M": 0.2
            },
            "7": {
                "S": 61.8,
                "G": 18.5,
                "R": 10.8,
                "P": 2.9,
                "Y": 1.9,
                "T": 1.5,
                "I": 1.0,
                "N": 0.7,
                "D": 0.3,
                "W": 0.3,
                "A": 0.2,
                "V": 0.2
            },
            "8": {
                "S": 74.9,
                "N": 19.4,
                "I": 1.5,
                "R": 1.5,
                "A": 0.7,
                "D": 0.5,
                "E": 0.5,
                "T": 0.5,
                "K": 0.3,
                "M": 0.2
            },
            "9": {
                "S": 58.2,
                "N": 23.1,
                "T": 9.4,
                "R": 2.5,
                "D": 2.0,
                "Y": 1.2,
                "G": 1.0,
                "I": 1.0,
                "K": 0.8,
                "A": 0.3,
                "M": 0.2,
                "P": 0.2
            },
            "10": {
                "Y": 64.3,
                "K": 14.5,
                "S": 10.8,
                "R": 3.2,
                "N": 1.9,
                "F": 1.7,
                "W": 1.5,
                "L": 1.0,
                "E": 0.7,
                "Q": 0.5
            },
            "11": {
                "L": 91.4,
                "V": 5.2,
                "I": 3.4
            },
            "12": {
                "A": 94.6,
                "G": 4.0,
                "S": 1.0,
                "E": 0.2,
                "T": 0.2
            }
        }
    ],
    "H1-7-C": [
        {
            "1": {
                "G": 98.72,
                "A": 0.75,
                "V": 0.19,
                "E": 0.16,
                "Q": 0.12,
                "D": 0.03,
                "S": 0.03
            },
            "2": {
                "Y": 52.21,
                "F": 30.86,
                "R": 12.1,
                "D": 3.36,
                "S": 1.18,
                "H": 0.19,
                "N": 0.09
            },
            "3": {
                "T": 81.77,
                "S": 17.21,
                "I": 0.44,
                "M": 0.25,
                "D": 0.16,
                "A": 0.06,
                "G": 0.06,
                "P": 0.06
            },
            "4": {
                "F": 95.92,
                "I": 1.21,
                "M": 1.06,
                "G": 0.68,
                "V": 0.37,
                "D": 0.31,
                "H": 0.28,
                "Y": 0.06,
                "S": 0.03,
                "T": 0.03,
                "W": 0.03
            },
            "5": {
                "T": 53.3,
                "S": 40.63,
                "N": 4.95,
                "R": 0.78,
                "H": 0.28,
                "A": 0.03,
                "W": 0.03
            },
            "6": {
                "S": 63.41,
                "N": 16.4,
                "D": 11.33,
                "T": 6.97,
                "L": 0.4,
                "M": 0.34,
                "P": 0.34,
                "A": 0.19,
                "H": 0.19,
                "G": 0.16,
                "W": 0.12,
                "R": 0.06,
                "Y": 0.06,
                "K": 0.03
            },
            "7": {
                "Y": 82.36,
                "S": 6.63,
                "D": 5.79,
                "N": 3.67,
                "T": 0.62,
                "K": 0.28,
                "L": 0.28,
                "F": 0.12,
                "W": 0.09,
                "A": 0.06,
                "R": 0.06,
                "Q": 0.03
            }
        }
    ],
    "H1-9-A": [
        {
            "1": {
                "G": 99.3,
                "D": 0.7
            },
            "2": {
                "G": 55.5,
                "D": 32.1,
                "V": 4.7,
                "A": 3.3,
                "E": 2.3,
                "I": 2.0
            },
            "3": {
                "S": 91.3,
                "T": 5.7,
                "A": 3.0
            },
            "4": {
                "I": 61.9,
                "V": 34.4,
                "T": 2.7,
                "F": 0.7,
                "L": 0.3
            },
            "5": {
                "S": 78.9,
                "T": 11.0,
                "N": 4.3,
                "A": 2.7,
                "G": 2.3,
                "K": 0.3,
                "R": 0.3
            },
            "6": {
                "S": 74.9,
                "N": 8.4,
                "T": 7.0,
                "G": 4.3,
                "A": 3.0,
                "R": 2.0,
                "D": 0.3
            },
            "7": {
                "G": 32.1,
                "S": 32.1,
                "N": 12.4,
                "D": 8.4,
                "C": 4.0,
                "R": 3.3,
                "Y": 3.0,
                "E": 2.0,
                "Q": 1.3,
                "K": 1.0,
                "P": 0.3
            },
            "8": {
                "S": 39.1,
                "N": 20.1,
                "D": 14.0,
                "Y": 5.4,
                "G": 5.0,
                "I": 3.7,
                "T": 3.0,
                "A": 2.3,
                "H": 2.0,
                "R": 1.7,
                "C": 1.3,
                "P": 1.0,
                "V": 1.0,
                "L": 0.3
            },
            "9": {
                "Y": 67.2,
                "A": 14.0,
                "F": 5.7,
                "S": 5.7,
                "H": 4.7,
                "V": 1.7,
                "T": 1.0
            }
        }
    ],
    "H1-7-D": [
        {
            "1": {
                "G": 91.8,
                "E": 5.9,
                "R": 1.6,
                "P": 0.8
            },
            "2": {
                "G": 47.7,
                "R": 35.9,
                "Y": 12.5,
                "D": 2.3,
                "E": 0.8,
                "F": 0.8
            },
            "3": {
                "T": 95.3,
                "V": 3.9,
                "P": 0.4,
                "S": 0.4
            },
            "4": {
                "F": 93.0,
                "D": 3.5,
                "I": 3.5
            },
            "5": {
                "S": 72.7,
                "N": 12.5,
                "D": 4.3,
                "I": 4.3,
                "A": 3.9,
                "T": 1.6,
                "Y": 0.8
            },
            "6": {
                "T": 51.6,
                "N": 19.9,
                "R": 13.3,
                "I": 9.0,
                "E": 4.7,
                "G": 0.8,
                "H": 0.8
            },
            "7": {
                "Y": 46.9,
                "A": 20.3,
                "S": 9.8,
                "F": 9.4,
                "H": 4.7,
                "L": 3.9,
                "R": 2.0,
                "Q": 1.6,
                "W": 0.8,
                "P": 0.4,
                "V": 0.4
            }
        }
    ],
    "L3-10-B": [
        {
            "1": {
                "Q": 71.0,
                "G": 14.0,
                "S": 10.0,
                "T": 5.0
            },
            "2": {
                "V": 38.0,
                "A": 24.0,
                "T": 22.0,
                "S": 16.0
            },
            "3": {
                "W": 71.0,
                "Y": 21.0,
                "P": 9.0
            },
            "4": {
                "D": 81.0,
                "H": 19.0
            },
            "5": {
                "S": 66.0,
                "D": 10.0,
                "R": 9.0,
                "L": 5.0,
                "M": 5.0,
                "P": 5.0
            },
            "6": {
                "F": 40.0,
                "T": 21.0,
                "S": 19.0,
                "P": 10.0,
                "K": 5.0,
                "V": 5.0
            },
            "7": {
                "S": 53.0,
                "N": 16.0,
                "T": 16.0,
                "L": 10.0,
                "K": 5.0
            },
            "8": {
                "T": 40.0,
                "A": 21.0,
                "F": 10.0,
                "D": 9.0,
                "S": 9.0,
                "N": 5.0,
                "Y": 5.0,
                "G": 2.0
            },
            "9": {
                "V": 40.0,
                "F": 34.0,
                "Q": 10.0,
                "I": 5.0,
                "N": 5.0,
                "Y": 5.0
            },
            "10": {
                "V": 69.0,
                "I": 21.0,
                "L": 5.0,
                "T": 5.0
            }
        }
    ],
    "H1-8-B": [
        {
            "1": {
                "G": 100.0
            },
            "2": {
                "G": 47.5,
                "F": 33.3,
                "Y": 9.9,
                "D": 7.1,
                "A": 1.4,
                "V": 0.7
            },
            "3": {
                "S": 89.4,
                "T": 4.3,
                "D": 3.5,
                "N": 2.1,
                "Y": 0.7
            },
            "4": {
                "I": 60.3,
                "F": 31.2,
                "S": 6.4,
                "L": 2.1
            },
            "5": {
                "S": 72.3,
                "G": 11.3,
                "T": 7.8,
                "Y": 6.4,
                "R": 2.1
            },
            "6": {
                "S": 57.4,
                "D": 15.6,
                "N": 7.8,
                "T": 7.1,
                "G": 5.0,
                "W": 4.3,
                "R": 2.1,
                "E": 0.7
            },
            "7": {
                "S": 31.2,
                "N": 29.8,
                "D": 17.7,
                "T": 10.6,
                "Y": 5.0,
                "A": 4.3,
                "G": 1.4
            },
            "8": {
                "Y": 47.5,
                "N": 30.5,
                "F": 8.5,
                "D": 6.4,
                "H": 3.5,
                "Q": 3.5
            }
        }
    ],
    "L3-10-A": [
        {
            "1": {
                "S": 41.9,
                "C": 21.4,
                "Q": 18.2,
                "G": 4.8,
                "A": 3.2,
                "L": 2.7,
                "K": 2.3,
                "N": 2.0,
                "V": 2.0,
                "F": 0.7,
                "M": 0.5,
                "I": 0.2,
                "T": 0.2
            },
            "2": {
                "S": 88.8,
                "L": 4.6,
                "G": 2.7,
                "A": 1.6,
                "Q": 1.6,
                "I": 0.4,
                "N": 0.4
            },
            "3": {
                "Y": 71.3,
                "L": 7.5,
                "H": 7.3,
                "A": 4.5,
                "S": 3.6,
                "F": 3.2,
                "W": 1.1,
                "G": 0.7,
                "N": 0.5,
                "P": 0.4
            },
            "4": {
                "T": 36.7,
                "D": 17.3,
                "A": 14.8,
                "E": 9.4,
                "G": 4.3,
                "R": 3.7,
                "Y": 3.4,
                "V": 2.5,
                "F": 2.3,
                "M": 2.0,
                "S": 1.8,
                "P": 0.7,
                "I": 0.4,
                "L": 0.2,
                "N": 0.2,
                "Q": 0.2
            },
            "5": {
                "S": 39.6,
                "G": 29.1,
                "H": 8.2,
                "T": 6.6,
                "D": 5.7,
                "N": 4.6,
                "R": 2.3,
                "V": 1.6,
                "L": 0.7,
                "I": 0.5,
                "Y": 0.5,
                "Q": 0.4
            },
            "6": {
                "S": 50.6,
                "N": 14.8,
                "R": 13.9,
                "G": 9.4,
                "T": 4.5,
                "L": 1.4,
                "I": 1.2,
                "A": 1.1,
                "E": 0.9,
                "D": 0.7,
                "H": 0.5,
                "F": 0.4,
                "Y": 0.4,
                "V": 0.2
            },
            "7": {
                "S": 27.8,
                "N": 24.4,
                "G": 12.1,
                "D": 11.8,
                "A": 7.7,
                "R": 4.6,
                "T": 3.6,
                "Y": 3.6,
                "W": 1.8,
                "H": 1.4,
                "L": 0.5,
                "K": 0.4,
                "P": 0.2,
                "V": 0.2
            },
            "8": {
                "T": 33.0,
                "N": 17.6,
                "H": 17.1,
                "G": 8.9,
                "I": 5.5,
                "R": 5.0,
                "S": 4.1,
                "L": 2.5,
                "D": 2.0,
                "A": 1.6,
                "P": 1.4,
                "M": 0.9,
                "K": 0.2,
                "Y": 0.2
            },
            "9": {
                "V": 24.8,
                "W": 19.4,
                "F": 12.8,
                "L": 9.4,
                "C": 8.2,
                "R": 7.5,
                "Y": 6.2,
                "A": 5.7,
                "G": 3.6,
                "N": 1.2,
                "H": 0.5,
                "P": 0.4,
                "I": 0.2
            },
            "10": {
                "V": 79.5,
                "I": 10.5,
                "L": 4.1,
                "A": 2.5,
                "T": 2.0,
                "F": 0.5,
                "P": 0.5,
                "E": 0.2,
                "H": 0.2
            },
            "11": {
                "M": 0.2
            },
            "12": {
                "V": 0.2
            }
        }
    ],
    "L3-8-A": [
        {
            "1": {
                "Q": 50.5,
                "K": 19.2,
                "L": 8.1,
                "M": 6.0,
                "H": 5.4,
                "S": 3.8,
                "G": 3.1,
                "Y": 1.4,
                "F": 1.3,
                "R": 0.7,
                "V": 0.3,
                "A": 0.1
            },
            "2": {
                "Q": 87.6,
                "S": 5.2,
                "H": 4.7,
                "R": 0.9,
                "T": 0.7,
                "N": 0.5,
                "K": 0.3,
                "L": 0.1
            },
            "3": {
                "Y": 43.0,
                "S": 27.4,
                "H": 7.0,
                "T": 3.8,
                "A": 3.7,
                "G": 3.7,
                "W": 3.3,
                "R": 2.6,
                "L": 2.3,
                "C": 0.8,
                "F": 0.8,
                "P": 0.5,
                "D": 0.4,
                "Q": 0.3,
                "E": 0.1,
                "I": 0.1,
                "N": 0.1
            },
            "4": {
                "Y": 24.7,
                "D": 16.1,
                "S": 11.6,
                "N": 9.7,
                "G": 8.2,
                "L": 6.7,
                "F": 5.9,
                "A": 4.4,
                "T": 4.3,
                "I": 2.5,
                "E": 1.8,
                "R": 1.2,
                "H": 1.0,
                "K": 1.0,
                "W": 0.8,
                "V": 0.1
            },
            "5": {
                "S": 32.1,
                "N": 25.5,
                "T": 11.4,
                "Y": 5.5,
                "H": 5.2,
                "G": 5.1,
                "R": 4.3,
                "D": 4.2,
                "Q": 2.6,
                "E": 2.5,
                "K": 0.5,
                "L": 0.4,
                "F": 0.3,
                "P": 0.3,
                "A": 0.1,
                "V": 0.1
            },
            "6": {
                "L": 33.2,
                "S": 25.8,
                "Y": 13.3,
                "W": 5.0,
                "T": 4.3,
                "G": 3.7,
                "F": 3.3,
                "A": 3.0,
                "P": 2.9,
                "V": 2.6,
                "N": 1.3,
                "I": 0.8,
                "D": 0.7,
                "H": 0.3
            },
            "7": {
                "P": 25.1,
                "R": 21.1,
                "Y": 12.5,
                "L": 12.0,
                "W": 11.5,
                "F": 8.1,
                "I": 4.4,
                "V": 3.8,
                "A": 0.5,
                "H": 0.5,
                "Q": 0.1,
                "S": 0.1,
                "T": 0.1
            },
            "8": {
                "T": 85.5,
                "S": 5.4,
                "V": 4.3,
                "A": 1.4,
                "R": 1.3,
                "L": 0.8,
                "D": 0.4,
                "G": 0.4,
                "P": 0.4,
                "I": 0.1
            },
            "9": {
                "L": 0.1,
                "T": 0.1
            }
        }
    ],
    "L1-13-B": [
        {
            "1": {
                "T": 89.9,
                "K": 9.1,
                "D": 1.0
            },
            "2": {
                "R": 72.2,
                "G": 27.8
            },
            "3": {
                "S": 98.0,
                "N": 1.5,
                "T": 0.5
            },
            "4": {
                "S": 90.4,
                "T": 9.1,
                "G": 0.5
            },
            "5": {
                "G": 100.0
            },
            "6": {
                "S": 75.3,
                "N": 23.7,
                "G": 1.0
            },
            "7": {
                "I": 91.9,
                "L": 7.1,
                "V": 1.0
            },
            "8": {
                "A": 75.3,
                "D": 14.6,
                "G": 9.1,
                "R": 1.0
            },
            "9": {
                "S": 89.9,
                "N": 8.6,
                "D": 1.5
            },
            "10": {
                "N": 86.4,
                "Y": 7.1,
                "E": 3.0,
                "D": 2.0,
                "S": 1.5
            },
            "11": {
                "Y": 99.5,
                "F": 0.5
            },
            "12": {
                "V": 100.0
            },
            "13": {
                "Q": 87.9,
                "N": 7.1,
                "S": 3.0,
                "H": 1.0,
                "R": 1.0
            }
        }
    ],
    "L2-7-A": [
        {
            "1": {
                "D": 17.014,
                "G": 15.297,
                "A": 10.567,
                "S": 10.198,
                "Y": 9.694,
                "K": 7.518,
                "E": 6.942,
                "W": 6.484,
                "L": 4.55,
                "R": 4.101,
                "N": 3.327,
                "Q": 1.745,
                "F": 0.836,
                "T": 0.818,
                "H": 0.459,
                "V": 0.351,
                "I": 0.045,
                "M": 0.045,
                "C": 0.009
            },
            "2": {
                "A": 52.707,
                "T": 12.266,
                "V": 12.248,
                "D": 6.996,
                "N": 6.601,
                "G": 4.658,
                "S": 1.394,
                "I": 0.854,
                "K": 0.809,
                "M": 0.8,
                "L": 0.261,
                "E": 0.108,
                "P": 0.108,
                "Y": 0.081,
                "H": 0.063,
                "F": 0.027,
                "Q": 0.018
            },
            "3": {
                "S": 75.665,
                "N": 11.781,
                "T": 4.775,
                "D": 2.068,
                "K": 1.951,
                "A": 0.791,
                "Q": 0.737,
                "Y": 0.656,
                "F": 0.594,
                "I": 0.558,
                "R": 0.18,
                "V": 0.108,
                "E": 0.09,
                "L": 0.027,
                "G": 0.009,
                "P": 0.009
            },
            "4": {
                "N": 29.29,
                "T": 18.147,
                "S": 17.986,
                "K": 11.304,
                "Q": 5.558,
                "E": 3.66,
                "R": 3.579,
                "D": 3.076,
                "Y": 2.365,
                "F": 1.367,
                "I": 1.016,
                "A": 0.764,
                "H": 0.746,
                "L": 0.656,
                "G": 0.225,
                "M": 0.18,
                "V": 0.063,
                "W": 0.018
            },
            "5": {
                "R": 51.331,
                "L": 42.374,
                "S": 3.66,
                "Q": 1.16,
                "K": 0.36,
                "V": 0.333,
                "A": 0.18,
                "M": 0.18,
                "P": 0.126,
                "G": 0.117,
                "W": 0.063,
                "T": 0.036,
                "F": 0.027,
                "H": 0.027,
                "I": 0.018,
                "N": 0.009
            },
            "6": {
                "A": 24.263,
                "P": 19.919,
                "E": 17.032,
                "Q": 8.507,
                "Y": 7.563,
                "F": 4.973,
                "I": 3.588,
                "H": 3.21,
                "D": 2.32,
                "G": 1.718,
                "V": 1.7,
                "T": 1.304,
                "K": 1.277,
                "R": 0.755,
                "L": 0.674,
                "S": 0.576,
                "N": 0.342,
                "M": 0.243,
                "W": 0.036
            },
            "7": {
                "S": 70.459,
                "T": 17.626,
                "P": 4.047,
                "D": 3.831,
                "A": 1.385,
                "G": 0.719,
                "E": 0.531,
                "R": 0.531,
                "I": 0.297,
                "N": 0.18,
                "F": 0.171,
                "Y": 0.117,
                "C": 0.045,
                "L": 0.045,
                "H": 0.009,
                "K": 0.009
            }
        }
    ],
    "H1-9-B": [
        {
            "1": {
                "G": 100.0
            },
            "2": {
                "F": 94.0,
                "Y": 5.7,
                "L": 0.4
            },
            "3": {
                "S": 98.9,
                "A": 1.1
            },
            "4": {
                "L": 94.7,
                "I": 3.8,
                "V": 1.5
            },
            "5": {
                "S": 72.1,
                "T": 15.5,
                "R": 8.7,
                "N": 3.4,
                "K": 0.4
            },
            "6": {
                "T": 76.2,
                "D": 18.9,
                "S": 3.0,
                "I": 1.1,
                "K": 0.8
            },
            "7": {
                "S": 52.1,
                "F": 17.0,
                "Y": 8.3,
                "A": 7.9,
                "T": 5.7,
                "G": 2.3,
                "N": 2.3,
                "P": 1.9,
                "K": 1.5,
                "D": 0.8,
                "I": 0.4
            },
            "8": {
                "G": 93.2,
                "D": 1.9,
                "K": 1.5,
                "R": 1.5,
                "A": 0.8,
                "N": 0.8,
                "V": 0.4
            },
            "9": {
                "M": 43.0,
                "V": 31.3,
                "I": 11.7,
                "E": 4.5,
                "K": 2.3,
                "T": 2.3,
                "G": 1.9,
                "A": 1.5,
                "L": 0.8,
                "Y": 0.8
            }
        }
    ],
    "L1-14-A": [
        {
            "1": {
                "T": 89.4,
                "N": 3.8,
                "Q": 2.4,
                "A": 2.2,
                "S": 2.2
            },
            "2": {
                "G": 96.7,
                "A": 3.1,
                "R": 0.2
            },
            "3": {
                "T": 91.6,
                "S": 3.8,
                "A": 1.6,
                "I": 1.5,
                "V": 1.3,
                "H": 0.2
            },
            "4": {
                "S": 89.8,
                "N": 2.6,
                "G": 2.4,
                "T": 1.6,
                "R": 1.3,
                "K": 0.9,
                "A": 0.2,
                "D": 0.2,
                "I": 0.2,
                "Y": 0.2
            },
            "5": {
                "S": 85.7,
                "N": 7.1,
                "R": 2.9,
                "Y": 1.6,
                "I": 1.1,
                "G": 0.5,
                "T": 0.5,
                "A": 0.2,
                "D": 0.2
            },
            "6": {
                "D": 95.1,
                "N": 3.5,
                "I": 1.3,
                "A": 0.2
            },
            "7": {
                "V": 81.5,
                "I": 11.9,
                "F": 3.5,
                "A": 1.5,
                "L": 0.9,
                "Y": 0.7
            },
            "8": {
                "G": 96.5,
                "D": 1.8,
                "E": 1.1,
                "A": 0.2,
                "N": 0.2,
                "T": 0.2
            },
            "9": {
                "G": 59.8,
                "S": 15.0,
                "A": 8.2,
                "T": 7.9,
                "D": 3.8,
                "N": 1.8,
                "Y": 1.1,
                "Q": 0.9,
                "F": 0.7,
                "E": 0.2,
                "I": 0.2,
                "K": 0.2,
                "R": 0.2
            },
            "10": {
                "Y": 79.2,
                "F": 15.2,
                "S": 2.2,
                "H": 0.9,
                "A": 0.7,
                "G": 0.7,
                "N": 0.5,
                "W": 0.4,
                "Q": 0.2
            },
            "11": {
                "N": 75.3,
                "D": 13.3,
                "K": 3.1,
                "E": 2.6,
                "T": 1.3,
                "A": 0.9,
                "S": 0.9,
                "I": 0.7,
                "Q": 0.7,
                "Y": 0.7,
                "H": 0.2,
                "V": 0.2
            },
            "12": {
                "Y": 59.6,
                "L": 17.2,
                "S": 11.2,
                "F": 6.9,
                "G": 2.7,
                "H": 0.7,
                "K": 0.7,
                "W": 0.7,
                "R": 0.2
            },
            "13": {
                "V": 98.2,
                "F": 0.7,
                "I": 0.7,
                "A": 0.4
            },
            "14": {
                "S": 97.8,
                "N": 1.3,
                "V": 0.7,
                "T": 0.2
            },
            "15": {
                "S": 0.7
            }
        }
    ],
    "L1-11-B": [
        {
            "1": {
                "G": 42.7,
                "S": 38.3,
                "Q": 9.5,
                "R": 6.5,
                "T": 2.0,
                "E": 0.6,
                "V": 0.3,
                "A": 0.2
            },
            "2": {
                "G": 81.7,
                "R": 9.7,
                "E": 6.8,
                "A": 1.5,
                "K": 0.3
            },
            "3": {
                "D": 52.5,
                "N": 20.6,
                "Q": 9.7,
                "E": 7.6,
                "T": 2.7,
                "A": 2.1,
                "V": 1.7,
                "G": 1.1,
                "K": 0.9,
                "H": 0.6,
                "R": 0.3,
                "S": 0.3
            },
            "4": {
                "S": 27.7,
                "N": 27.4,
                "A": 20.3,
                "K": 14.1,
                "D": 3.0,
                "P": 1.7,
                "V": 1.5,
                "T": 1.4,
                "E": 1.1,
                "R": 0.8,
                "G": 0.5,
                "I": 0.5,
                "Q": 0.3
            },
            "5": {
                "L": 66.4,
                "I": 29.8,
                "S": 2.0,
                "V": 0.9,
                "D": 0.5,
                "F": 0.3,
                "M": 0.2
            },
            "6": {
                "G": 60.1,
                "R": 15.0,
                "P": 10.9,
                "A": 5.9,
                "D": 3.3,
                "S": 2.3,
                "T": 1.7,
                "E": 0.9
            },
            "7": {
                "S": 51.0,
                "D": 17.4,
                "K": 12.3,
                "N": 5.4,
                "R": 5.3,
                "G": 2.9,
                "T": 2.6,
                "Y": 1.4,
                "A": 0.8,
                "M": 0.5,
                "E": 0.3,
                "I": 0.3
            },
            "8": {
                "K": 42.2,
                "R": 19.4,
                "Y": 10.3,
                "Q": 9.4,
                "H": 8.8,
                "I": 2.6,
                "T": 2.6,
                "E": 2.0,
                "N": 1.7,
                "V": 0.5,
                "A": 0.3,
                "F": 0.2,
                "G": 0.2,
                "S": 0.2
            },
            "9": {
                "Y": 44.6,
                "S": 25.6,
                "A": 11.5,
                "F": 6.2,
                "N": 5.7,
                "T": 2.7,
                "L": 1.4,
                "D": 0.6,
                "V": 0.6,
                "R": 0.5,
                "G": 0.3,
                "H": 0.2,
                "W": 0.2
            },
            "10": {
                "V": 55.8,
                "A": 37.8,
                "T": 3.5,
                "G": 1.5,
                "L": 0.6,
                "S": 0.5,
                "I": 0.3
            },
            "11": {
                "H": 28.4,
                "S": 23.4,
                "Y": 16.9,
                "Q": 11.5,
                "C": 8.8,
                "I": 6.7,
                "N": 3.0,
                "D": 0.5,
                "G": 0.5,
                "F": 0.3
            }
        }
    ],
    "L3-5-A": [
        {
            "1": {
                "Q": 88.6,
                "S": 5.7,
                "N": 3.3,
                "W": 1.4,
                "A": 0.5,
                "K": 0.5
            },
            "2": {
                "Q": 74.3,
                "V": 10.0,
                "A": 9.0,
                "H": 2.9,
                "I": 1.4,
                "T": 1.4,
                "C": 1.0
            },
            "3": {
                "Y": 49.0,
                "F": 20.0,
                "L": 16.2,
                "S": 6.7,
                "P": 4.8,
                "M": 2.4,
                "I": 0.5,
                "Q": 0.5
            },
            "4": {
                "E": 79.0,
                "R": 5.7,
                "Y": 5.7,
                "L": 4.3,
                "N": 2.4,
                "Q": 1.9,
                "G": 0.5,
                "I": 0.5
            },
            "5": {
                "F": 64.3,
                "T": 18.1,
                "Y": 6.2,
                "N": 3.3,
                "S": 3.3,
                "E": 2.4,
                "A": 1.0,
                "M": 1.0,
                "G": 0.5
            }
        }
    ],
    "H2-6-E": [
        {
            "1": {
                "S": 93.4,
                "T": 5.1,
                "R": 0.8,
                "G": 0.4,
                "I": 0.2,
                "Y": 0.2
            },
            "2": {
                "S": 69.8,
                "T": 16.7,
                "P": 9.1,
                "R": 3.3,
                "A": 1.0
            },
            "3": {
                "G": 54.1,
                "S": 28.2,
                "A": 12.5,
                "I": 2.5,
                "Y": 1.6,
                "F": 0.6,
                "L": 0.4,
                "T": 0.2
            },
            "4": {
                "S": 69.5,
                "G": 27.0,
                "Y": 1.2,
                "N": 0.8,
                "T": 0.6,
                "D": 0.4,
                "F": 0.4,
                "R": 0.2
            },
            "5": {
                "G": 63.0,
                "T": 27.0,
                "D": 6.6,
                "N": 1.2,
                "I": 0.8,
                "P": 0.6,
                "V": 0.4,
                "A": 0.2,
                "H": 0.2
            },
            "6": {
                "T": 51.9,
                "Y": 35.8,
                "R": 8.6,
                "D": 2.9,
                "W": 0.8
            }
        }
    ],
    "H2-6-D": [
        {
            "1": {
                "I": 42.4,
                "S": 29.2,
                "Y": 24.1,
                "R": 1.9,
                "G": 0.6,
                "E": 0.5,
                "F": 0.5,
                "T": 0.5,
                "D": 0.2,
                "V": 0.2
            },
            "2": {
                "P": 71.7,
                "S": 15.9,
                "G": 8.8,
                "R": 1.9,
                "A": 1.6
            },
            "3": {
                "Y": 36.0,
                "I": 35.3,
                "G": 11.2,
                "M": 5.0,
                "V": 2.9,
                "F": 2.6,
                "P": 1.8,
                "K": 1.3,
                "T": 1.0,
                "W": 1.0,
                "H": 0.8,
                "L": 0.6,
                "E": 0.3,
                "S": 0.3
            },
            "4": {
                "F": 40.9,
                "S": 26.8,
                "Y": 20.7,
                "D": 7.2,
                "L": 2.1,
                "G": 1.1,
                "I": 0.5,
                "P": 0.3,
                "V": 0.3
            },
            "5": {
                "G": 91.3,
                "D": 2.4,
                "S": 2.2,
                "M": 1.0,
                "N": 0.8,
                "A": 0.6,
                "R": 0.5,
                "Y": 0.5,
                "V": 0.3,
                "C": 0.2,
                "L": 0.2
            },
            "6": {
                "S": 44.9,
                "T": 43.7,
                "Y": 7.9,
                "P": 1.0,
                "N": 0.8,
                "K": 0.6,
                "L": 0.6,
                "E": 0.3,
                "V": 0.2
            }
        }
    ],
    "H1-7-B": [
        {
            "1": {
                "G": 83.8,
                "V": 12.8,
                "R": 2.0,
                "I": 0.9,
                "E": 0.4,
                "Q": 0.2
            },
            "2": {
                "S": 68.1,
                "R": 19.3,
                "N": 6.7,
                "F": 2.4,
                "T": 0.9,
                "V": 0.9,
                "D": 0.5,
                "I": 0.5,
                "Q": 0.4,
                "Y": 0.2
            },
            "3": {
                "I": 67.2,
                "T": 28.2,
                "V": 1.6,
                "L": 0.9,
                "M": 0.7,
                "F": 0.5,
                "S": 0.4,
                "G": 0.2,
                "N": 0.2
            },
            "4": {
                "F": 49.5,
                "S": 25.7,
                "I": 7.3,
                "D": 5.3,
                "G": 4.2,
                "R": 1.6,
                "Y": 1.5,
                "E": 1.1,
                "A": 0.9,
                "H": 0.7,
                "W": 0.7,
                "V": 0.5,
                "P": 0.4,
                "K": 0.2,
                "L": 0.2,
                "N": 0.2
            },
            "5": {
                "S": 58.5,
                "R": 21.3,
                "G": 6.0,
                "D": 4.4,
                "T": 4.0,
                "A": 3.8,
                "H": 1.1,
                "K": 0.4,
                "E": 0.2,
                "N": 0.2,
                "Y": 0.2
            },
            "6": {
                "I": 58.7,
                "L": 11.5,
                "R": 6.9,
                "G": 5.6,
                "T": 3.8,
                "S": 3.5,
                "F": 2.9,
                "V": 2.9,
                "P": 1.1,
                "A": 0.9,
                "D": 0.9,
                "K": 0.5,
                "Q": 0.4,
                "M": 0.2,
                "Y": 0.2
            },
            "7": {
                "N": 35.7,
                "Y": 35.0,
                "D": 5.6,
                "S": 4.0,
                "E": 3.8,
                "T": 2.9,
                "G": 2.7,
                "R": 2.7,
                "I": 2.6,
                "V": 2.4,
                "L": 2.2,
                "A": 0.2,
                "K": 0.2
            }
        }
    ],
    "H2-6-A": [
        {
            "1": {
                "N": 28.57,
                "Y": 19.21,
                "D": 13.95,
                "S": 12.5,
                "I": 9.17,
                "V": 3.09,
                "H": 2.66,
                "F": 2.44,
                "K": 2.32,
                "L": 2.32,
                "T": 1.02,
                "A": 0.67,
                "W": 0.49,
                "R": 0.45,
                "G": 0.37,
                "M": 0.35,
                "Q": 0.12,
                "E": 0.1
            },
            "2": {
                "P": 70.03,
                "T": 11.0,
                "A": 6.61,
                "W": 3.25,
                "S": 3.13,
                "V": 1.91,
                "G": 1.87,
                "I": 0.67,
                "L": 0.33,
                "R": 0.26,
                "K": 0.2,
                "C": 0.18,
                "N": 0.18,
                "D": 0.12,
                "H": 0.06,
                "M": 0.02
            },
            "3": {
                "G": 21.86,
                "Y": 13.81,
                "N": 12.4,
                "S": 12.4,
                "R": 6.02,
                "A": 5.71,
                "I": 4.94,
                "T": 4.31,
                "E": 4.15,
                "V": 3.94,
                "L": 2.89,
                "D": 1.97,
                "K": 1.52,
                "F": 1.36,
                "H": 1.36,
                "Q": 0.63,
                "M": 0.55,
                "P": 0.06,
                "W": 0.06
            },
            "4": {
                "N": 26.52,
                "S": 23.16,
                "D": 14.6,
                "T": 13.64,
                "L": 5.0,
                "Y": 4.8,
                "G": 3.72,
                "F": 2.95,
                "V": 1.57,
                "R": 1.04,
                "I": 0.75,
                "W": 0.57,
                "K": 0.41,
                "A": 0.39,
                "H": 0.31,
                "Q": 0.3,
                "E": 0.26
            },
            "5": {
                "G": 72.75,
                "S": 12.02,
                "D": 8.74,
                "T": 1.73,
                "N": 1.02,
                "A": 0.89,
                "E": 0.87,
                "V": 0.79,
                "R": 0.55,
                "F": 0.3,
                "Y": 0.24,
                "H": 0.06,
                "K": 0.04,
                "M": 0.02
            },
            "6": {
                "N": 15.94,
                "G": 15.45,
                "D": 13.56,
                "Y": 13.07,
                "E": 7.79,
                "S": 6.83,
                "I": 5.63,
                "T": 5.31,
                "R": 4.62,
                "A": 4.31,
                "V": 2.99,
                "Q": 1.22,
                "K": 0.98,
                "H": 0.91,
                "F": 0.57,
                "M": 0.35,
                "L": 0.31,
                "W": 0.16
            },
            "7": {
                "V": 0.1,
                "S": 0.08,
                "I": 0.02
            },
            "8": {
                "G": 0.12,
                "S": 0.08
            },
            "9": {
                "E": 0.08
            }
        }
    ]
}