{
    "L1-11-A": "RASQRISNNLH",
    "L3-9,10-A": "LQYDEFPYT",
    "L1-12-B": "RASQSVGNNKLA",
    "L3-8-A": "KQSYNLRT",
    "L1-13-C": "QSSQNVYSNNNLA",
    "L3-10,11-A": "AAWDDSLKGAV",
    "L1-11-B": "SGDKLGDKYAC",
    "L3-11-A": "QSPDSTNTYEV",
    "L1-14-A": "QGTSNDVGGYESVS",
    "L1-12-A": "RASQSVASSYLA",
    "L1-10-A": "SASSSVNYMY",
    "L1-13-A": "SGSSSNIGTNYVY",
    "L1-14-B": "RSSTGAVTTSNYAN",
    "L3-9-A": "ALWYSNHWV",
    "L1-16,17-A": "RSSQSLVHSNGNTYLH",
    "L1-13-B": "TRSSGSIASNYVQ",
    "L3-5-A": "QQYEF",
    "L1-15-A": "RASESVDSYGNSFMH",
    "L3-10-A": "CSYRTGATYI",
    "L1-14-C": "TGRSSNIGAGYDVH",
    "L1-12-C": "TLSRQHSTYTIE",
    "L3-10-B": "TSYHPTKTIL",
    "H1-7-A": "GYTFTDF",
    "H2-6-A": "VPKTGY",
    "H1-8-A": "GYSITSGY",
    "H2-6-E": "STSSTY",
    "L2-7-A": "WASTRES",
    "H1-7-C": "GRTFSSY",
    "H2-5-A": "WAGGT",
    "H1-7-B": "GRTGTIY",
    "H1-9-A": "GDSVSSKSA",
    "H1-8-B": "GYSITSDF",
    "H2-8-A": "RNKVNNHA",
    "H2-6-C": "WYSGSN",
    "H1-7-D": "GRTFSRA",
    "H2-6-D": "IPIFGT",
    "H2-6-B": "SGSGGS",
    "H1-9-B": "GFSLSTSGM"
}